products_id,pdt_name,products_status,categories_id,promo_id
46242,Thermomètre de douche THERMOSHOWER,0,260,
46178,Sacoche de guidon LT1 Vert,0,263,
46017,Ours Patapouf Joyeux,0,264,
88229,Doudou bleu oreilles à carreaux et rayures 22cm,0,264,
88132,Draisienne LR Ride blanc vert jaune - Dès 3 ans,0,265,
24276,Draisienne Chopper USA,0,265,
62190,Ours à empiler en bois - Dès 18 mois,0,267,
74381,Bascule Eléphants Wippofant,0,267,
74200,Figurine porcelet en bois,0,268,
112766,Jeu de classement Lunes colorées - Dès 18 mois,0,271,
85245,Kit Construction Torche Dynamo - Dès 8 ans,0,271,
91970,Petit théâtre à l'italienne -7 ans,0,273,
43323,Cube en Bois : Casse Tête Bleu,0,274,
76726,TomTecT 420 éléments,0,274,
25069,Mémo Drôle de Petites Bêtes,0,276,
74445,Resulta - jeu de logique et mémoire,0,276,
10201,Livre d'éveil So'Pure Sophie la Girafe,0,277,
21876,Set de percussions,0,278,
105048,L'homme orchestre - Dès 3 ans,0,278,
1886,Chambre à coucher Ronda,0,281,
74223,Poupées articulées Famille en vacances - Dès 3 ans,0,281,
67562,Chambre de bébé - meubles maison de poupée,0,281,
105112,Petit câlin Soleil d'été - Dès 18 mois,0,281,
119912,Tricycle Ceety Bleu dès 2 ans,0,284,
44614,Vélo enfant Z2 12 rouge - dès 3 ans,0,284,
88491,Drap Housse Bambou Gris clair 70X140cm,0,287,
104894,Kit Tisser du papier,0,291,
16890,My first Hand&Foot impression - noir,0,294,
16296,Perles à repasser 1000pcs Bleu,0,297,
24426,Porte-perles à repasser cœur,0,297,
97920,Coffret pâte à modeler Artéko Stick - 4 pots 100 g + 40 pièces,0,298,
26510,Câle-tête bébé Lovenest Taupe,0,302,
24573,Lot 4 P'tits Pots: 2x150ml et 2x300ml,0,304,
26500,Boites empilables Babydose Zen,0,304,
15259,Set cuillère et fourchette Vert,0,305,
95752,Set de repas Bambou & Maïs - Hérisson rouge - 6mois+,0,305,
58888,Echarpe de portage modèle noir poche anthracite,0,309,
7759,Echarpe Marron et son Etoile Bleue,0,309,
25171,Echarpe bébé Bulline 1.80m BIO Pur,0,309,
44774,Porte Bébé MANDUCA Turquoise,0,309,
63159,Echarpe de portage modèle fuchsia poche rose lumière,0,309,
78193,Porte Bébé Evolu Bulle Parme,0,309,
90862,Veilleuse Happy corail,0,314,
18874,Carrousel Dream Theater Aquarium,0,314,
88261,Chapeau mixte Griset 51 cm (24-36 mois),0,325,
5325,Compresses d'allaitement avec gel,0,215,
77606,Coussin Zen SURO - silicone 170cm,0,216,
15333,Goupillon de biberon bleu + base,0,219,
29068,Biberon BIBOZ Gipsy prune 150 mL,0,222,
92418,Lot 3 biberons Natural PP 330 ml,0,222,
29077,Biberon Pois 140 mL Poudré bleu,0,222,
41603,Biberon Classic Rose 330 ml,0,222,
109859,Kit biberons nouveau-né Natural,0,222,
92408,2 Tétines Natural - 3 mois + / débit variable,0,223,
23589,Chauffe Biberon Nomade Taupe,0,224,
26496,Chauffe-biberons Tulipe Zen,0,224,
75993,Chauffe-Biberon Express 60sec Auto-Maison Blanc & noir,0,224,
45381,Sucette anatomique 2ème âge Singe,0,225,
71047,Sucette Bout rond Caoutchouc Naturel 4-12 mois,0,225,
75846,1 sucette physio silicone T2 Genius,0,225,
75885,Attache sucette ruban duo fille,0,225,
82730,Sucette Total Look Fusion Tétine Reversible -2M+4M Silicone,0,225,
92508,2 sucettes de nuit - 6-18 mois - Bleu,0,225,
111533,Sucette silicone Ours Bleu foncé - 18 mois et +,0,225,
6058,Sucette Physio Voiture 0-3+ mois Caoutchouc Naturel,0,225,
18864,Tasse Sippy2 330ml avec anses Vert,0,226,
18867,Tasse Sippy2 330ml avec anses Orange,0,226,
92488,Tasse à bec anti-fuites Rose 200 ml,0,226,
69010,Tasse d'apprentissage Bec 180ml Rosy,0,226,
26664,Tétines Initiation+ Débit 2 en Silicone,0,228,
19703,Chaise Haute Twenty One Jaune,0,232,
26846,Chaise Haute de voyage Traveller,0,232,
19704,Chaise Haute Twenty One Lavande,0,232,
75222,Chaise multipositions 21 evo gris/bton rose,0,232,
75242,Parc rond avec fond pliant laque blanche,0,238,
71590,Chaussons en cuir Clarck à lacets Ciel,0,244,
6088,Sac pour couches lavables,0,245,
14289,Seau pour couches lavables blanc,0,245,
76020,30 Couches Eco-Maxi T4 Moltex 7-18 kg,0,250,
86327,28 Couches hypoallergéniques T4+ 9-20Kg,0,250,
86332,42 Couches hypoallergéniques T4+ Jumbo pack 9-20Kg,0,250,
88897,Couche lavable S Papaye,0,251,
111476,"Couche lavable Pop-in Flamant rose - 3,2 à 16 kg",0,251,
88910,Couche Lavable M Mentalo,0,252,
109260,Culotte lavable T.MAC - Hippo - Taille L,0,252,
15547,Culottes apprentissage Jetables T5 12-18kg,0,253,
102919,Culotte d'apprentissage 16-20kg Animaux polaires Junior,0,254,
97670,Couverture-Plaid Plumes 100x70cm,0,768,
43218,Matelas bébé Fibres de Coco 70x140cm,0,770,
94445,Oreiller morphologique Matara en latex naturel 40 x 60 x 6 cm,0,771,
1452,Surmatelas carbone de bambou 90 x 190 cm,0,773,
19934,Drap-Housse Imperméable 140x190cm,0,775,
110371,Livre Guide nutritionnel vegan par Sonja Reifenhauser,0,781,
98632,"Livre Recettes au son d'avoine, quinoa, etc. par Chavanne Ardent",0,781,
106025,Grands apprentissages Montessori pour petites mains - Livre,0,783,
110390,Livre Masques de beauté par Naturellement Lyla,0,783,
46564,Embouchoirs Oregon Taille 41-43,0,789,
22084,Lettre P en bois auto-adhésive Tradition,0,791,
42850,Lit cododo Bednest,0,791,
26372,Table d'enfant laquée Blanche,0,792,
85306,Cabas coton rose 37x10x40cm,0,795,
12984,Collier Ambre style Baroque mix Adulte 45cm,0,796,
76192,Collier Ras De Cou En Or végétal,0,796,
106947,Bola Blanc Fleur,0,796,
27286,Sandales Femme Wakataua 429 Piedra,0,798,
49516,Bottes Femme N990 Angkor Brown,0,798,
69157,Body Dottie rose à pois de 1 à 3 ans,0,801,
71028,Bonnet Bébé Stripy 0-6 mois,0,801,
73131,Chaussons Cuir Elephant 3-4 ans,0,801,
78120,Chaussons cuir Honey Bee Jaune 2-5 ans,0,801,
78125,Pantalon bébé Rayé Rouge Blanc coton bio,0,801,
79179,Lunettes soleil Diabola 0-18m Orange,0,801,
88956,Kit maillot de bain 24m Capitaine,0,801,
101060,Chaussons cuir - Baskets grises - 0 à 24 mois,0,801,
13992,Chaussons en cuir Hérisson rose,0,801,
22657,Chaussons Cuir Bébé Rose Vachette,0,801,
24322,Chaussons Cuir Turquoise Fleur Rose,0,801,
41478,Body Manches courtes Ecru 3-6M,0,801,
69933,Lunettes Explorer 0+ Rose cerise citron,0,801,
71564,Culotte antifuites orange Lentille,0,801,
78585,Chaussons Cuir Girafe,0,801,
79181,Lunettes soleil Jokaki 12-30m Emeraude,0,801,
105290,Chaussons suède - Mocassin bleu ciel - 2-3 ans,0,801,
107487,Chaussons Soft Sole Singe chocolat - De 3 à 21 mois,0,801,
43786,Tee-shirt Femme Nadia Olive,0,804,
45802,Cardigan Seal - Bleu marine,0,804,
22786,Veste Femme zip Rouge Tango Essential,0,804,
27040,Short Femme Navasana Gris,0,804,
29482,Culotte Femme Noire,0,804,
43755,Débardeur Femme Sachi Olive,0,804,
76353,Echarpe Soie Et Coton Coloris Framboise,0,804,
70078,Boxer DELMAR,0,805,
73735,Veste ski Year Bleu Homme,0,805,
78090,Soutien-gorge d'allaitement -Noir,0,806,
48131,Sac à langer CASUAL Shoulder Bag - Cendre&bleu,0,807,
73796,Veste de ski Fly expé Marron Femme,0,815,
41904,Tee Shirt Oxford Bleu,0,816,
6512,Economiseur d'eau pour douche,0,826,
46491,Double crochet,0,830,
84484,Kit Détection du Plomb 8 Tests,0,837,
15756,Bac à glaçons étoile Slim,0,842,
69255,Spray Alu Huile & vinaigre Rouge,0,843,
23438,Balance Cuisine Nano Précision 0.1 g,0,845,
17965,Pot doseur 1L,0,845,
70672,Santoku 14cm céramique- Noir,0,846,
105408,Coffret 3 couteaux de cuisine 1920 écoresponsable,0,846,
71504,Couteau chef francais fk2 21cm,0,846,
80330,Coupe pizza TAGLIO ø 75 mm,0,846,
102643,Coffret Starter Couteau et éplucheur en céramique - Noir,0,846,
90545,Set 8 spatules à raclette Bambou naturel,0,848,
69854,"Pomme parisienne 2,5 cm",0,848,
80327,Boule à épices BOUQUET GARNI en inox 10 cm,0,857,
101528,4 moules individuels ronds en bois réutilisables,0,859,
42949,Kit à cupcakes,0,859,
11411,Grand Mortier-pilon bambou,0,860,
85320,Moulin acrylique OSLO 16cm,0,861,
46643,Eplucheur dénoyauteur à avocat 5 en 1,0,864,
45090,Hachoir Finecut,0,864,
91309,Taille-légumes Spirelli 2.0,0,864,
91315,Éplucheur Ceramo noir,0,864,
91321,Boule à thé acier,0,643,
20329,Assiette à gâteau céramique 32 cm,0,644,
105709,"Petite assiette creuse fibre de bambou Blanc cassé 9,2cm",0,644,
105705,"Grand bol fibre de bambou Gris ciment 29,8cm",0,645,
43122,MB Pocket Set de Couverts Nomades Rose New,0,647,
98566,Théière en porcelaine poignée en bambou noir mat - 1 L,0,650,
90307,Carafe filtrante Brita Fill&Enjoy Elemaris Noir 2.4L,0,660,
72873,Boîte de 5 Recharges Universelles Classiques,0,665,
117865,Boîte ronde en verre et bambou 62cl,0,675,
99142,"Boîte alimentaire Clip & Close Verre ronde 0,6 L",0,675,
70629,Lot de 2 rouleaux de film de conservation 22cm et 28cm,0,678,
88152,"Boîte alimentaire Fraîcheur FFC005X 1,2L",0,678,
19273,LunchBox isotherme 1.0L,0,683,
25685,Boite hermétique LunchBox Iris 0.6L,0,683,
79872,MB Original Floral,0,683,
91824,Metal Box Plus L Brushed,0,683,
99152,Boîte rectangulaire Clip & Micro 1L,0,683,
108953,Récipient à sauce MB Temple M Rose Blush,0,683,
74231,Bento Color Festif - Argent,0,683,
74281,Kotori Bento - Bleu,0,683,
112380,Sac de conservation Vegan 37 x 30cm,0,686,
118282,Sac à pain corbeille Blé curry 38 x 24 cm,0,686,
44453,Cocotte ronde 3L avec couvercle,0,689,
69778,Casserole Ora-ïto 5ply - 18cm,0,689,
9771,Couvercle UP 20cm,0,689,
91510,Diable à feu 2L Fusain,0,691,
98099,Brique à rôtir 7L Grand Cru,0,692,
95862,Faitout Inox Grands Chefs non revêtu 8L,0,697,
20338,Plat à gratin carré petit modèle,0,699,
47188,Plat carré 24x24 Sel,0,699,
23783,Poêle Clean Cooking Céramique Inox 24 cm,0,700,
71479,Poêle en cuivre inox Prima Matera 24cm,0,700,
71481,Sauteuse en cuivre inox Prima Matera 16cm,0,702,
15716,Plat à paella 36 cm,0,702,
24309,Bougie Photophore LED Rouge,0,706,
109959,Bougie parfumée Bio pot de yaourt Menthe 120g,0,706,
24822,Bougie Menthe Verre recyclé,0,706,
80466,Bougie Pêche Abricot 75g,0,706,
85177,Bougie Parfumée Les Escales Tasmanie à la Cire de Soja - 180g,0,706,
15043,Guirlande Solaire Led Blanche 10m,0,708,
42319,Sapin Fibre Optique avec étoiles 120cm,0,708,
87954,Décoration solaire NOËL Flocon,0,708,
14734,Guirlande Feuilles et Fleurs Noires,0,708,
15000,Sapin Fibre Optique Plumes 120cm,0,708,
25714,Chaussette Noël Oiseau rose,0,708,
42327,3 Bougies d'ambiance Blanches à piles,0,708,
71001,Cône indien Patchouli Bio,0,710,
70996,Cône indien Orange,0,711,
17501,Encens Japonais Méditation 55 Bâtons Guide de Lumière,0,711,
68785,Porte-encens Pirogue,0,711,
681,Fontaine Kasumi,0,713,
24318,Fontaine d'intérieur résine Bonheur,0,713,
16391,Lampe de Sel Rectangulaire 4.5kg,0,715,
68755,Lampe de table Hokaré Iceberg,0,716,
16409,Lampe de Sel Bamboo 2 à 3 Kg,0,717,
68782,Porte-encens coupelle Tao,0,720,
15130,Sapin Blanc Fibre Optique Multi. 120 cm,0,723,
101105,MP24 protection téléphone portable,0,732,
44979,Plaque pour liquide pour Ultra1000,0,735,
71299,Lot de 11 plateaux inox pour Déshydrateur Sedona Express,0,735,
24833,Bouilloire à température variable INOX,0,736,
83406,"Bouilloire Rouge 1,7L",0,736,
85117,"Kit smoothies et sorbets pour Kuvings C9500, D9900 et EVO820",0,736,
105102,Cafetière Express Moka en inox 10 tasses,0,736,
7164,Cartouche anticalcaire Humidificateurs,0,737,
16314,Hygrostat pour Déshumidificateur d'Air,0,737,
23069,Déshumidificateur Albert Little,0,737,
27106,Vaporisateur ViVape2 Noir,0,737,
48853,Sèche Mains Air pulsé Willy Willy,0,737,
26265,Kit Chambre d'Enfant,0,737,
41303,Chauffage d'appoint Max FRAMBOISE,0,737,
83459,Brosse à pommes de terre,0,738,
79475,Vinaigre d'alcool Bio 1 litre concentré 12%,0,740,
75160,Spray Fraîcheur Pin Vétyver 100ml,0,741,
48273,Lessive paillettes sans parfum 2kg,0,742,
105035,Lessive liquide concentrée ECOCERT 5L,0,742,
81095,Spray Nettoyant toutes Surfaces Pamp. 828ml,0,743,
86361,Pistolet anti-calcaire salle de bains - 750ml,0,743,
94767,Degraissant cuisine spray 500ml,0,743,
81130,Nettoyant Sols 739ml,0,743,
108989,Déboucheur dégraisseur liquide 500ml,0,743,
19971,Liquide vaisselle ultra-concentré 500mL,0,744,
97470,Liquide Vaisselle écologique Citron 1L,0,744,
26304,Liquide Vaisselle Grenade 1L,0,744,
102739,Savon de Marseille Cube végétal 300g,0,745,
3727,6 balles de lavage anti-calcaire,0,747,
68526,Nettoyant Literie - 500ml,0,747,
48377,BAMBOU - Calculatrice,0,750,
72196,Cartable 38cm Bleu Collector Voiles 2015,0,752,
72238,Trolley Cartable 41cm Violet Fun Girl 2015,0,752,
110679,Cartable Bleu de Prusse - 41 cm,0,752,
47811,Trousse double COLLECTOR Voile Bleu,0,752,
48197,Rucksack Enfant - Ours blanc - Mibo,0,752,
103373,Trousse D Oslo,0,752,
30065,Gomme plastique blanche,0,754,
47928,12 crayons bois FSC mine graphite 2H,0,754,
16263,Ciseaux Soft loisirs,0,755,
120684,COPIE PRODUIT: Tablier de bain en Coton Bio,0,763,
13771,Cape de bain bébé Bleu avec gant,0,763,
79289,Housse Oreiller Anti-acariens 65 x 65 cm,0,764,
49311,Nid d'ange Comme une plume,0,765,
69713,Lot de 3 draps housse bambou Blanc - 40x80-90 cm,0,765,
87715,2 Taies d'oreiller bébé 40x60 cm - Gris perle,0,765,
83466,Torchon vaisselle Coton bio et tissage - Set de 3,0,766,
27816,Couette Tencel 240 x 220 cm hiver 400gr,0,767,
97992,Crème de Cassis Bio 50cl,0,137,
103146,Bière blanche Love and flowers Bio 75cl,0,140,
103151,Bière blonde Felibrée Bio 75cl,0,141,
88445,Bière BIO au Quinoa sans gluten- Tripack 3x33 cl,0,144,
104488,Boisson végétale Riz 1L,0,150,
102696,Boisson de soja nature 1l,0,151,
73145,Boisson végétale Lait d'amande intense 1l,0,153,
87656,Boisson Avoine 1L,0,154,
101168,Café grains Pérou Bio 1kg,0,159,
84789,Café Trésors d'Arômes N°7 Moulu Filtre - 250g,0,160,
88563,Chicorée café soluble BIO - 100g,0,164,
42146,Jus Pétill'fruits Pomme Bio 75 cl,0,172,
92786,Pur jus d'acérola bio 330 ml,0,176,
79932,Nectar d'Abricot du Roussillon 1L,0,177,
74396,Jus de Grenade 500 ml Biotta,0,180,
96133,Pur Jus de grenade/orange/carotte noire Bio 1L,0,180,
9629,Sirop noisette bio 50 cl,0,190,
25447,Sirop Mimosa BIO 25cL,0,190,
90991,Holypop Soda Bio - Bouteille de 33cL,0,191,
90412,Tisane glacée bio Pêche Citron Verveine 330 mL,0,196,
47893,Coffret 2 Thés Black Love Tins,0,197,
95949,Thé noir Strong english breakfast 20 sachets,0,202,
48006,Thé Vert bio Gunpowder - 15 x 2 g,0,203,
81179,Thé vert Sencha Japon 100g,0,203,
26017,Tisane Relax Camomille BIO 20 sachets,0,206,
26044,Tisane After Dinner Chicorée BIO 20 sachets,0,206,
117409,Infusion Anti Stress 20 sachets,0,206,
70626,"1,2,3 Menthes ! - boite bois 30 sachets",0,207,
79548,Infusion Bio Montagne Premium sachets - 30 gr,0,207,
81609,Tisane Baiser fleuri - 20 sachets,0,207,
85846,Infusion Thym Réglisse 20 sachets - 45g,0,207,
94011,Eucalyptus feuilles Bio - 50g,0,207,
74088,Infusion Pissenlit - Réglisse 20 sachets,0,208,
81577,Tisane Verveine citronnelle 40g,0,208,
99753,Psyllium bio semence 100g,0,208,
99769,Tisane Ronce bio feuille 40g,0,208,
100070,Tisane tonique bio 50g,0,208,
49199,Tisane Jardin de fruits en vrac - 100g,0,208,
99454,Tisane Bourrache bio sommite fleurie 40g,0,208,
99699,Tisane Noyer bio feuille 40g,0,208,
99845,Tisane articulations bio 150g,0,208,
100044,Tisane polaire bio La réconfortante 50g,0,208,
83461,Brosse d'angle,0,334,
79473,Savon noir liquide Huile d'olive bio 5L,0,384,
73025,Barquettes chat boeœuf 16 x 100g,0,553,
99717,Lotion insecticide Habitat 240ml,0,557,
6249,Spray antiparasitaire petit chien,0,557,
104004,Composé floral animaux Séparation 30ml,0,557,
16926,Lombricomposteur 3 tamis Beige,0,562,
49568,Poubelle de Tri Ovetto Lacoque Noir,0,563,
30449,Poubelle de Tri Ovetto Amico,0,563,
49578,Poubelle de tri Ovetto Gold n'Galà Noir et Or,0,563,
14579,Ampoule NARVATRONIC 15W E27 ROUGE,0,564,
48815,Lampe murale LED ORA - Noir,0,568,
72343,Flamme lisse 250 lumens E14 280° 2700K,0,569,
72349,Globe G95 470 lumens E27 280° 2700K,0,569,
13917,2 piles rechargeables HR14 C DURACELL 2200mAh,0,575,
81061,Bouteille isotherme Senator Safe Loc Noir 50cl,0,577,
109449,Gourde isotherme Friendly en inox Colibri 70cl,0,577,
113533,Bouteille isotherme inox Pastel Bleu 75cl,0,577,
81086,"Bouteille isotherme Mobility Slim 0,32 L blanc",0,577,
17586,"Housse Gourde Hello Kitty Néoprène 0,4L",0,578,
18870,Gourde Enfant 335ml Sport Orange,0,578,
91800,Gourde enfant Funny insects 30cl,0,578,
112457,Gourde enfant isotherme Drink2Go Forêt 35cl,0,578,
81176,"Gourde Kids 0,4L Soccer",0,578,
99132,Gourde enfant Teens Graffiti en Tritan 60cl,0,578,
18869,Gourde Enfant 335ml Sport Rose,0,579,
9101,Housse Gourde Sigg en Nylon 1 L,0,580,
82062,"Gourde CRAZY Rouge 0,6L",0,580,
90575,Bouteille en verre et silicone - 350 ml - Violet,0,580,
69565,Les 4 carrés de basilics,0,582,
13838,Graines de Moutarde Rouge de Rode Amsoïm,0,582,
84663,Graines de Chou rave Azur Star Bio,0,583,
13814,Graines de Laitue Cressonnette Marocaine,0,583,
13818,Graines de Tomate Miel Du Mexique,0,584,
13803,Graines de Carotte Rothild,0,586,
22734,Thermomètre Solaire Intérieur Extérieur,0,588,
47092,Lance réglable en laiton et caoutchouc,0,589,
71656,Goutte à goutte AQUAFLORA HOLIDAY BASIC x3,0,589,
72591,Sel d'Epsom 500gr,0,590,
108482,Insecticide triple action naturel 750ml,0,590,
48846,Lampe de bureau LED YAP - Blanche,0,599,
76390,Fauteuil Suspendu multicolore Bayadere du San Salvador,0,604,
76398,Fauteuil Suspendu Bayadère Rouge/Bleu,0,604,
10340,Couteau campeur inox détachable,0,606,
10980,Table valise pique nique,0,606,
11729,Kit Pause Café Compostable,0,606,
17011,Block fart CHAUD 60g 0°/10°,0,606,
43565,Pailles en papier biodégradable Bleu,0,606,
2759,12 Gobelets à café 12.5 cl,0,606,
94589,"Peinture bois extérieure Gris alu 2,5L",0,611,
69419,Colle universelle 380 - 1L,0,612,
45463,Kit Terres et Couleurs Ombre calcinée nuancé,0,614,
22688,"Laque Mate à base d'Huile Végétale Cocon 2,5L",0,614,
22291,Pigment Ombre vert foncé 175g,0,615,
94609,Peinture bois extérieure Gris alu 500ml,0,617,
30414,"Primaire bois Incolore Woodoprim 0,5L",0,617,
79530,Encaustique liquide 2075 - 1L,0,617,
94608,Peinture bois extérieure Gris Cendré 0.5l,0,617,
70701,Sac à tapis Urban Bag 72cm - Bordeaux,0,619,
70706,Sacs à tapis Urban Bag 92cm - Noir,0,619,
82079,Whey Protein Vanille 750gr,0,620,
76213,Chariot de course à pneumatiques Royal Hydro - Noir,0,626,
87992,Chariot à courses Royal Shopper Carbon Noir,0,626,
46146,Remorque Sportrex 2 Biplace Violet,0,627,
19717,Roue Roller Racing blanche 110mm,0,628,
92334,Trottinette 3 roues Evo 4in1 plus gris foncé rose fluo,0,631,
73210,TROTTINETTE YEDOO NEW MEZEQ V-BRAKE NOIR,0,631,
82439,Mini tomato & origan 90g,0,393,
95749,Crackers de sésame cru betterave-gingembre bio - 20 g,0,393,
100605,Chips de kale Oignon bio - 40 g,0,393,
72113,Chips de Kale crues Cacao Epices 35g*,0,393,
90941,Crackers au riz complet et Tamari - 60 g,0,393,
88711,Pâté crème végétal Basilic - 75g,0,397,
80940,Pâté D'olives Noires Bio 260g,0,397,
69754,Aubergines Grillées - 190g,0,398,
29995,Vinaigre de Cidre Framboise BIO 25cL,0,403,
76362,Farine de Blé Khorasan Kamut 500g,0,407,
84525,Farine de maïs bio sans gluten 400g,0,408,
86465,Farine de sarrasin germé BIO 250g,0,408,
27151,Préparation Pains aux Graines 900g,0,414,
93723,Graines de lin doré bio - 200g,0,417,
94318,Graines de Pavot Bio - 5Kg,0,417,
95129,Amarante Bio - 25Kg,0,417,
74901,Graines à germer Trèfle Rouge 30g,0,418,
84560,Huile de Tournesol Bio 250ml,0,431,
20285,Huile de coco+olive+palme rouge BIO 325mL,0,432,
24113,Huile d'olive à la Truffe 25cl,0,432,
87178,Lingots blancs 500gr,0,434,
89539,Haricots verts extra fins au naturel - 490g,0,434,
44417,Shiitakés séchés bio - 40g,0,435,
87532,Trio de Poivrons Grillés 190gr,0,435,
17127,Soupe aux Pommes de Terre Bio 0.5 L,0,438,
70232,Soupe 12 légumes 500ml,0,438,
80951,Velouté De Cresson Bio 50cl,0,438,
107918,Soupe Potimarron & courge Butternut 25cl,0,438,
108599,Gaspacho betterave orange 490ml,0,438,
79509,Epeautre précuit bio 400g,0,439,
90867,Lentilles Corail bio - 25Kg,0,440,
94258,Haricot rouge Bio - 25Kg,0,440,
94290,Lentille blonde Bio - 5Kg,0,440,
82418,Baked Beans - Haricots blancs cuisinés Organic 415g,0,440,
88692,Lentilles verte du Puy A.O.P 500g,0,440,
102040,Pois cassés verts - 5 kg,0,440,
90621,Boulgour gros de blé dur demi-complet bio - 3 kg,0,443,
108285,Couscous marocain 3kg,0,443,
8842,Boulgour de Kamut complet,0,443,
87846,Polenta aux cèpes 300gr,0,443,
68947,Petits pains Foccacia sans gluten 220gr,0,445,
70190,Chili con tofu 525g,0,448,
77867,Ravioli légumes 675gr,0,448,
80382,Tex-Mex Haricots Rouges & Maïs 350g,0,448,
99989,Haché végétal façon bolognaise au soja 250g,0,448,
70868,Quinoa Kids Thai 150gr,0,448,
77879,Ravioli au boeuf 700gr,0,448,
85220,Plat cuisine légumes secs 300g,0,448,
44601,Coffret Plein Sud 4 Sardines,0,452,
81756,Thon à l'huile d'olive extra vierge bio 160g,0,452,
84659,Anchois au naturel 69gr,0,452,
83369,"Terrine Fromage de Chèvre, Thym à Base de Porc 130g",0,453,
83373,Terrine Foie de Volaille au genièvre 130g,0,453,
44538,Fusilli BIO 500g,0,455,
87465,Pâtes sèches blanches Ditalini Rigati BIO - 500g,0,455,
87469,Pâtes sèches blanches Fusilli BIO - 500g,0,455,
72580,Conchilie bio sans gluten Noisette 350gr,0,456,
83595,Caserecce de riz brun Bio 500g,0,456,
78772,Riz à Sushis 500gr,0,461,
83604,Riz jasmin de Thaïlande BIO 5kg,0,462,
112493,"Riz thaï 2,5kg",0,462,
72853,Riz thaï blanc 5kg,0,462,
94335,Riz basmati complet Bio - 10Kg,0,462,
83345,Passata (coulis de tomates) Bio 680g,0,469,
78055,Bouillon cube légumes dégraissé,0,470,
9553,Piment entier langue d'oiseau bio,0,471,
12037,Mélange d'épices pour Marinades,0,471,
43017,Coffret Epices Variation Sucrée 125g,0,471,
73460,Gingembre Poudre 50g,0,471,
83890,Recharge Mélange spécial Salade Bio 40Gr,0,471,
83611,Curcuma en poudre BIO 300g,0,471,
103127,Curcumasio 150g,0,471,
103618,Persillade bio 90g,0,471,
29344,Gomasio de Sésame noir 150 g,0,472,
80217,Sel Fin De Camargue Aux Herbes Bio 125g,0,476,
80218,Sel Fin De Camargue Aux Légumes* Bio 125g,0,476,
101611,Fleur de Sel au Piment d'Espelette bio - Sachet 200 g,0,476,
80530,Crousti Bio Cacao sans gluten 250 g,0,514,
72846,Extra flakes lin & tournesol 275g,0,516,
90757,Gros flocons d'avoine bio - 25 kg,0,517,
79606,Flocons de sarrasin bio 250g,0,517,
93696,Quinoa soufflé bio - 150g,0,517,
84091,Muesli Roastie Aronia Chia 300g,0,521,
103239,Chia Bowl Sportif - Sachet de 300g,0,523,
92985,Porridge EXPRESS cranberry aronia - 375g,0,524,
84062,Porridge Amarante Classique Vitakorn 400g,0,524,
94594,Pistaches coques nature Bio 5kg,0,527,
83823,Mélange énergie fruits secs/superfruits BIO 80g,0,528,
94052,Cocktail superfruits BIO 125g,0,528,
94813,Abricot Brun Bio - 1Kg,0,528,
84773,Banane Chips PHILIPPINES Bio 250g,0,528,
93806,Bananes chips bio - 250g,0,528,
72550,Confitures purée fruits Rhubarbe zestes de citron,0,529,
69305,Gelée Extra de Myrtilles - 350g,0,529,
104502,Spécialité 100% fruits Mûres sauvages 220g,0,529,
87612,Miel de Thym BIO Espagne 500g,0,530,
83289,Miel Toutes Fleurs bio Italie 700g,0,530,
100208,Miel de Citronnier bio Italie 400g,0,530,
47519,Purée d'amande blanche 630g,0,531,
73163,Puree d'amande blanche 5kg,0,531,
48633,Crème de sésame noir - 700g,0,537,
73185,Chocolade 5kg,0,540,
104374,Pate à tartiner 600g,0,540,
9620,Sucres aromatisés cannelle 65 g,0,544,
9621,Sucres aromatisés citron bio 75 g,0,544,
4859,Sucre Bio Aromatisé à la Vanille,0,544,
95718,Mélasse Noire bio - 450 g,0,544,
84116,Galette Maïs Amarante Romarin Sel de mer 100g,0,546,
72573,Tartines noisette sans gluten 2x100g,0,547,
68950,Petits pains Vitalité sans gluten 250gr,0,547,
88556,Agar-agar BIO - Gélifiant végétal 750g,0,482,
94638,Barres bio Orange - Cajou - Reine des prés - 4 barres de 30 g,0,483,
110115,Barre récupération et protéines 40g,0,483,
82012,Barre hyperprotidique Arôme Chocolat 30gr,0,483,
80093,Petit Fondant Noir (Pur Beurre) 125gr,0,486,
8795,Tartelettes fraise (x6),0,487,
47512,Biscuits Bio Fourrés Fruits rouges 175g,0,487,
69482,Biscuits abricot 135g,0,487,
95397,Gaufrette au caramel 30g,0,488,
73870,Gaufrette croustillante Pois chiches Cannelle - 90g,0,489,
90136,Coffret Café Gourmand - 210 g,0,490,
69599,Mix pâtisserie 500g,0,493,
97521,Panettone classique - Boîte cadeau 750 g,0,493,
97987,Préparation BIO Madeleines 290 g,0,493,
93464,Préparation Galettes au sarrasin Bio - 240g,0,493,
105137,Panettone traditionnel pur beurre 500g,0,493,
101247,Chocolat lait de coco bio vegan 48% 100g,0,496,
72109,Chocolat Cru 85% 38g,0,498,
95818,Truffes Songe d'été - Sésame eau de rose - Boîte métal 100 g,0,498,
76605,Boîte de chocolats pralinés Monsieur NOEL 3 recettes - 120 gr,0,499,
102571,Lapin chocolat lait et billes chocolatées 150g,0,499,
109218,Moulages Hérissons en chocolat noir et Lait Bio - 100 gr,0,499,
73913,Chocolat noir 74% bio au citron - 100g,0,500,
84418,Tablette chocolat Mint 40g,0,500,
84426,Tablette chocolat Coffee 100g,0,500,
78008,Chocolat noir orange 100g,0,500,
89186,Cioko riz soufflé au chocolat noir - 3x25gr,0,500,
75094,Tablette chocolat noir Cuisine 71% sans gluten 200g,0,501,
84986,Lamelles Gingembre confit enrobées de chocolat noir 125g,0,502,
99859,"Compote Pomme, Abricot, Cannelle 100 g",0,503,
70219,Purée Pommes framboises BIO 4 x 110g,0,503,
71863,Patapoire Bio 330g,0,503,
89084,Soya Dessert Vanille 1L,0,504,
7531,Flan Chocolat au Lait d'Amande 65g,0,504,
47433,Dessert Soja Saveur Caramel 4x110G,0,504,
80274,Gom'Bio Après-Repas 45g,0,505,
93322,Fruit Mix vegan sans gluten sans lactose 200g,0,506,
91872,Zilopop sucette haleine fraiche Bleu,0,508,
91880,Zilopop sucette haleine fraiche Noir,0,508,
87100,Base lavante consistante 100ml,0,54,
87166,Olivem 1000 - 30g,0,54,
85250,Coffret soins pour cheveux Bio à faire soi-même,0,55,
93867,Seringue stérile graduée 2 ml,0,57,
13919,"3 Savons pour Peindre Bleu, Jaune, Rouge  3x70ml",0,58,
86319,Paillettes de savon d'Alep pour le bain 100g,0,61,
8734,Gel douche onde rafraîchissante 500ml,0,62,
8735,Gel douche onde rafraîchissante 250ml,0,62,
15988,Gel douche à la Silice et au Tilleul 200ml,0,62,
95944,Huile de douche lactée 200ml,0,62,
72034,"Gel douche familial Verveine, 1L",0,62,
72618,Gel douche monoi 1L,0,62,
80663,"Gel douche extra doux, aloe vera 650ml",0,62,
80710,Douche Tonifiante Zestes d'agrumes 300ml,0,62,
98927,Savon intense Lait de Jument et Amande Douce - 100 g,0,63,
79995,Savon au lait d'‰ânesse Ortie 100 gr,0,63,
96082,Savon liquide citron - 500 mL,0,64,
73136,Savon liquide calendula argousier 300ml,0,64,
96095,Savon liquide orange - recharge 1 L,0,64,
109102,Post épilation 100ml,0,68,
103661,Lingettes sèches démaquillage et soins Bio x 60,0,69,
86714,Couches adulte Incontinence lourde 3100 ml,0,71,
47839,Coupe menstruelle Diva Cup - Taille 1,0,72,
70521,Déodorant roll-on Energy Citron gingembre 50ml,0,74,
107547,Brosse toilette bbb Gris orage,0,78,
27234,10 Serviettes ultra fine Nuit,0,79,
49972,32 protège-slips - Normal,0,79,
100472,Dentifrice solide Cannelle 17g,0,80,
100413,Dentrifices gencives sensibles à l'aloe vera 75ml,0,80,
41048,Recharge Gel lavant Bébé 330mL,0,82,
27849,Gel Corps Surgras 200mL,0,82,
71075,Huile de massage Bien être 100ml,0,82,
78584,Gel douche corps et cheveux bio calendula 200ml,0,82,
79816,Lait de toilette Bio 500ml,0,82,
2057,Soin liniment pour le change 200ml,0,83,
9123,Bioliniment bébé 250ml,0,83,
68326,Songe du petit postérieur 200ml,0,83,
86681,Bisou doux Baume lèvres protecteur nutritif 10gr,0,84,
71079,Huile préparatrice Périnée 20ml,0,85,
88592,Baume pour le ventre 120ml,0,85,
18423,Fond de teint Minéral 28 Brun ocre,0,87,
45326,Poudre compacte 03 Beige doré,0,87,
101333,Fond de teint compact 741 Moka,0,87,
101360,Recharge Soie de teint 701 Ivoire,0,87,
90223,Crayon à lèvres fin n°39 cerise,0,88,
23296,Gloss Ultra Brillant Bio,0,88,
45261,Crayon Lèvres Rubis 1.04Gr,0,88,
90205,Crayon à lèvres fin n°10 terre de Sienne brûlée,0,88,
104120,Rouge à lèvres 280 Selma,0,88,
118777,Vernis à ongles 645 - 5ml,0,89,
29600,Vernis à ongles Pistache N° 37,0,89,
102843,Vernis à base d'eau French pink 11ml,0,89,
45227,Ombre à paupières Sofy 2.5Gr,0,90,
48581,Ombre à Paupières Fairytale,0,90,
118710,"Recharge fard à paupières 128 2,3g",0,90,
18473,Mascara cils longs BRUN,0,90,
45244,Eye liner Bleu,0,90,
100440,Shampooing douche bio - 250 ml,0,92,
11476,Crème Après rasage bio Homme,0,97,
76978,"Blaireau frêne, blaireau véritable",0,97,
9293,Huile Merveilleuse Corps Cheveux Visage 130 ml,0,98,
118261,Crème autobronzante - 50ml,0,99,
73532,Auto Bronzant EQ 75ml,0,99,
75632,Lait Effet Bronzant Hydratant 200ml,0,99,
70645,Coloration végétale Châtain Sublime - 100g,0,106,
76387,Soin colorant 100% végétal café 100g,0,106,
86688,Coloration naturelle blond doré 100g,0,106,
100289,Gel coiffant fixation naturelle 50ml,0,107,
46980,Shampoing douche fraicheur olive et sauge 1L,0,108,
17972,Shampoing Soin Henné Châtain Doré 250ml,0,109,
16799,Shampoing Argile Cheveux Intoxinés 200ml Rio Verde,0,109,
17963,Shampoing Soin Henné Blond Doré 250 ml,0,109,
79358,Shampoing au raisin rouge d'italie 237 ml,0,109,
94428,Shampooing Cheveux normaux - 200 mL,0,109,
73316,Apres-Shampooing - Mélisse150 ml,0,112,
4129,Baume Nourrissant Indiana 250 ml,0,112,
79219,Kératine forte sérum boite de 5 ampoules,0,112,
84004,Baume démêlant 250ml,0,112,
90949,"Gommage exfoliant Bio hydratant 2x2,5 g",0,116,
93552,Gommage de douche fruits jaunes 200 ml,0,116,
2228,Huile Corporelle Bio HARMONIE,0,117,
28301,Crème corps à l'Orange 150mL,0,118,
94347,Crème corporelle Mangue - 250 mL,0,118,
100241,Lotion corporelle hydratante brume du matin - 245ml,0,118,
8017,Mousse minceur Rétention hydrique,0,119,
47746,Séparateur d'orteils,0,120,
93514,Crème mains réconfortante Nectar de Miels 75ml,0,120,
98936,Crème mains réparatrice - 50 ml,0,120,
8621,Lait nettoyant Rose & Aloès 125ml,0,124,
86237,Lait démaquillant Visage Yeux Bio 200ml,0,124,
86955,Lotion Micellaire douceur Visage et yeux - démaquillant 185ml,0,124,
112542,Lotion tonique anti-âge Happy Aging 100ml,0,124,
79350,Nettoyant pour le visage - proprete impeccable -250 ml,0,124,
88785,Huile vitalisante Visage à l'avocat bio 30ml,0,124,
45638,Masque de Soin régénérant 10ml,0,126,
102284,Sérum repulpant éclat Pulpe de Rose 30ml,0,126,
110274,Lotion aqua merveilleuse 200ml + mini masque offert,0,126,
8634,Stick couvrant Menthe Peaux à problèmes 4.8gr,0,127,
57475,Masque éclat purifiant 75ml,0,127,
93880,Hydro Effect Serum - Sérum hydratant anti-pollution - 30 mL,0,128,
100877,Crème teintée médium - 30 ml,0,128,
7926,Crème de jour hydratante à l'Iris 30ml,0,129,
20594,Crème Hydra Riche BIO Peaux sèches 40g,0,129,
11471,Baume de l'Apicultrice Lèvres,0,132,
86394,"Baume à lèvres Réglisse 4,3g",0,132,
86398,"Baume à lèvres Pamplemousse 4,3g",0,132,
93775,Baume à lèvres Bubble-gum,0,132,
44242,Argile rose prête à l'emploi 400g,0,134,
83552,Argile de soin Drainage + Anti-Cellulite 450g,0,134,
5080,Combiotic 3 lait de croissance Bio dès 10 mois 900g,0,18,
79053,Doypack carotte pomme de terre et pintade fermière - 190g,0,28,
45166,Petit pot pomme et poire 190g,0,42,
45177,Petit pot légumes variés 190g - Dès 6 mois,0,44,
87195,Hydrolat Génévrier - 100 ml,0,866,
100662,Eau florale Mélisse bio - 200 ml,0,866,
77349,Huiles essentielles Pamplemousse 50 ml,0,867,
93174,Huile essentielle citronnelle de java bio 10ml,0,867,
28993,Huile Ess. Citronnelle bio 10 mL,0,867,
29036,Huile Ess. Mandarine bio 10 mL,0,867,
93300,Huile essentielle orange douce bio 10ml,0,867,
89239,Huile essentielle Eucalyptus Radiata BIO 10ml,0,868,
89371,Parfum d'ambiance Fraîcheur à diffuser 30ml,0,870,
1432,Synergie Vitalité - 10 mL,0,870,
1647,Huile Essentielle Bio Ylang Ylang Complète 10 mL,0,870,
73483,Huile essentielle Air Pur Bio 15ml,0,870,
75776,Coffret découverte aromathérapie,0,870,
3625,Huile végétale calophyllum BIO 50 ml,0,871,
43130,Huile de Carotte 50mL,0,871,
89495,ROLL'ON SOS Peau BIO 10ml,0,871,
100203,Lot de 2 x Huile de Jojoba 50mL,0,871,
14643,Huile Végétale d'Argan 100ml,0,871,
84059,Huile de fenugrec 60ml,0,871,
79241,Arthroitine Mobilité Articulaire 80 gél,0,874,
98550,Reine des Prés bio - 20 ampoules,0,874,
27886,Bambouflex Bio - ampoules 10ml,0,874,
86606,Flow'veine circulation veineuse - 20 Ampoules,0,877,
14077,PROSSADROME 50mL,0,878,
71135,Curcumaxx Bio 500ml,0,879,
47063,Tisane Seremens bio - 20 sachets,0,880,
94492,Grog respiration bio 100 g,0,880,
73451,Ours + omega 30 oursons,0,882,
9025,Ortie Feuille Bio 90 Gélules,0,883,
21077,Huile de bourrache BIO 60 capsules,0,883,
78695,Solar Extreme 40 gél,0,883,
78657,Décolleté Fort - 60 gélules,0,883,
86610,Huile de bourrache & onagre - 90 capsules bio,0,883,
88058,Complexe Onagre Bourrache 90 capsules,0,883,
17236,Teinture Mère Mélisse 50mL,0,885,
45942,Spray n'Sleep 15ml,0,885,
103551,Extrait de Ginkgo bio 60ml,0,885,
3510,Valériane BIO 60 gélules,0,887,
75978,Brumisateur d'ambiance SPHERA,0,889,
75918,Diffuseur ultrasonique DIVA,0,889,
12776,Diffuseur par Chaleur Douce Noir 20m2,0,891,
25614,Diffuseur bois GALEA Alu,0,892,
25615,Diffuseur bois GALEA Rouge,0,892,
14950,Coffret Anti-Stress Diffuseur + Huiles Ess.,0,893,
68256,"Elixir du Suedois 17,5° 350ml",0,899,
78180,Moringa Transit Bio 30 gél,0,900,
78234,"Infusion Activateur Transit, Mauve / Fenouil / Fucus / Saveur p",0,900,
79287,Jus Bio de Feuilles d'Aloe Vera avec morceaux 1L,0,901,
80128,Aloé Arborescens Bio au Sirop d'Agave 500ml,0,901,
47040,Bioprotus Voyage,0,902,
87606,Bioprotus Natal x 30 Gélules,0,902,
80680,Psyllium - 100 Gélules végétales,0,903,
3793,"Complexe PROTECTION, ÉQUILIBRE",0,905,
3720,Fleurs de Bach Etoile de Bethléem Gouttes,0,907,
3681,Fleurs de Bach Olivier Olive Gouttes,0,907,
1783,Luminothérapie Litebook Elite,0,910,
8141,Lampe de Luminothérapie ORIGO,0,910,
15028,Lampe Luminothérapie Modèle 70,0,910,
24581,Réveil simulateur d'aube WL 201,0,912,
7410,Attelle gonflable genou/coude,0,914,
7484,Reha Pro poignet et avant bras,0,914,
78264,Oreiller d'acupression Fleur de Vie Shantimat Vert,0,916,
24596,Montre Smart Outdoor Noir,0,927,
48757,Lampe infrarouge,0,929,
48275,Electronic Scale - Vert,0,932,
26974,Tensiomètre de Bras BU-90E,0,933,
48146,50 Bandelettes réactives Meditouch2,0,934,
19583,Set 3 Thermomètres Bébé,0,934,
98539,Radis Noir racines bio - 20 ampoules,0,938,
82665,Complément alimentaire Hépactif 40 cps,0,938,
72787,Reine Des Pres Bio 120 Gél. 200 Mg,0,939,
72792,The Vert Bio Extrait Aqueux x 120 gélules,0,939,
78262,Destructeur de graisses - 30 comprimés,0,939,
87464,Nopal BIO - 90 gélules,0,939,
78271,Cocktail Kilos Tenaces® 7 jours,0,939,
108813,Drain'Idéal Bio Détox & Drainage - 20 + 10 ampoules OFFERTES,0,939,
72440,Allergolys 50mL BIO,0,940,
94493,Gommes propolis réglisse bio recharge 45 g,0,941,
85782,Sirop propolis enfant bio - Siropolis 125ml,0,941,
69872,Powerbreathe plus noir,0,944,
92039,Spray Stop Tiques - 100 mL,0,946,
103928,Crème Assistance 50ml,0,953,
17195,Teinture Mère Cassis 50mL,0,956,
82327,Dépurasève Bio 250ml,0,957,
98747,Elixir danse des abeilles : communication et créativité 5ml,0,959,
9002,Gelée Royale Pollen Bio 90 Gélules,0,960,
83671,Gelée Royale Bio - 2 x 20 ampoules de 10mL,0,960,
94514,Gelée royale bio 50 gélules,0,960,
78616,Miel de Manuka Sauvage KFactor 12 - 500g,0,961,
10812,Mouton bouillotte parfumée hot hugs,0,965,
76743,Peluche Snuggle Hottie Panda,0,965,
77041,Ceinture Dorsale Anti-douleurs - Imprimé écossais,0,966,
87987,Surmatelas chauffant électrique 150 x 80 cm,0,967,
7408,Compresse Hot Cold,0,968,
78785,Coenzyme Q10 40 gél,0,975,
47071,Tonus Vitalité Bio 45 gélules,0,977,
78177,Moringa Bio 30 gél,0,977,
78201,Ginseng 1000 mg - 60 gélules,0,977,
113290,Muirapuama (Bois bandé) - 80 gélules de 320mg,0,977,
3950,Phytaprotec 20 ampoules,0,979,
73639,Recharge spiruline 540 comprimés,0,980,
78679,Vitamine C 500 à croquer - 50 comprimés,0,981,
82774,Magnésium marin - 20 x 10ml,0,984,
85335,Vitamines B12 & B9 Formes Actives x 60 Gélules,0,989,
106417,Culotte d'apprentissage lavable Pégase - De 13 à 16 kg,1,256,
96313,Trousse de soin Aqua Smockey,1,259,
105147,Sous-Marin Jaune - Des 6 mois,1,260,
105149,Ferry  petites voitures - Des 3 ans,1,260,
70264,Draisienne tricycle 4 en 1 Charlie dès 18 mois,1,265,
108668,Recharge poudre scintillante argentée,1,266,
74921,Cube d'activités Eveil - Dès 1 an,1,267,
104745,Labyrinthe magnétique: l'île aux animaux - Dès 3 ans,1,267,
105636,Abaque Boulier pour additionner et soustraire - Dès 3 ans,1,267,
104912,Garage Vilacity - Dès 3 ans,1,269,
104458,Couverture Piscine 2en1 - Dès 36 mois,1,272,
21779,Mini jeu Le cercle des fees,1,276,
21816,Mini jeu Super mini rafle de chaussettes - Dès 4 ans,1,276,
63626,Triangle musical réversible - dès 2 ans,1,278,
113091,Magic touch xylophone - Des 12 mois,1,278,
96850,Ma petite bibliothèque: Lis et apprends - Dès 2 ans,1,280,
67561,Chambre d'enfant - meubles maison de poupée,1,281,
109003,Mon premier magasin bio - dès 18 mois,1,281,
112998,L'ère des Dinosaures - Maquette Ptéranodon 3D - Dès 6 ans,1,282,
122583,Cartes holographiques à gratter insectes - Dès 3 ans,1,296,
104877,Kit perles à repasser Sirènes - Dès 5 ans,1,297,
88982,Veilleuse nomade beige Dans les bois,1,314,
121535,2 biberons Sensation+ 330ml AIR +6 m tétine plate débit 3,1,222,
75795,biberon 300 ml tetine silicone T1 M Rose,1,223,
102312,12 Culottes de Bain T4 8-15kg Hypoallergéniques,1,246,
43947,38 Couches T6 16-30kg Hypoallergéniques Nature,1,247,
102274,"25 Couches écologiques - T0, Nouveau-né",1,248,
103583,"36 Couches hypoallergéniques - T2, 3-6Kg",1,248,
113129,"42 Couches écologiques - T4+, 9-20 kg",1,250,
102913,Lot inserts lavables coton bio pour couche ajustable 4-16kg,1,252,
106245,Miosolo couche tout-en-un Colibri - De 0 à 36 mois,1,252,
85890,Recharge Balle d'Epeautre Biologiques pour Oreiller,1,771,
111227,Les Zenfants (presque) zéro déchet - Livre de J. Pichon,1,783,
106932,Bola Coeur brillant,1,812,
25200,Fouet à Matcha Chasen,1,643,
120938,Set de couverts réutilisables en bambou Lagon,1,647,
113062,10 rondelles caoutchouc 2 oreilles 85mm,1,671,
102651,Set de 3 boîtes rectangulaires en verre borosilicate,1,675,
100802,Bento MB Original made in France Jungle 1L,1,683,
101615,Boîte de 4 bougies parfumées Composition Calmante,1,706,
46735,Déshydrateur alimentaire 5 plateaux,1,735,
84695,Extracteur de Jus Axis Cold Press Noir,1,736,
108964,Insecticide végétal 500ml,1,739,
120378,4 crochets anti-mites textiles,1,739,
46461,Spray anti-mouches 200ml,1,739,
89353,Spray à la citronnelle 60ml,1,739,
114376,Nettoyant multi-surfaces ultra dégraissant 75cl,1,743,
102514,Qilav'tout - Poudre multi usage et lave vaisselle 470g,1,744,
110269,Lessive sans lessive Terra wash +mg 125g,1,747,
124760,Trousse Les Cerises Alexa bleu / rose,1,752,
119879,Vodka 40° 70cl,1,138,
104522,Rhum ambre Cabana Libre 70cl,1,138,
116194,Boisson végétale riz calcium 1L,1,150,
80192,Boisson riz épeautre amande 1L,1,150,
80246,Douceur Amande vanille 1L,1,153,
107856,Café soluble bio équitable 100g,1,161,
127003,Exception pur arabica Capsules x20,1,162,
26349,Pur Jus de Citrons Bio 25cL,1,169,
103469,Smoothie Mangue Ananas Acérola 50cl,1,179,
92142,"Jus detox bio Orange Magic - Carotte, pomme, concombre 414ml",1,187,
119804,Coffret Délices d'Hiver 3 thés 24 sachets,1,197,
93084,Thé vert gingembre citron vert,1,204,
200300,Thé Poésie de Noël Bancha Cacao Agrumes 60g,1,204,
121982,Infusion Chaï Curcuma 17 sachets,1,206,
5454,Infusion Purifica Detox 15 sachets,1,206,
76882,Infusion Bio Digestion Propolis & Plantes 20 Sachets,1,207,
114337,Eclipsia AOP Champagne - Brut 75cl,1,212,
100488,Croquettes pour chien senior Volaille 2kg,1,554,
121401,Gourde enfant Cars Mcqueen 30cl,1,578,
116602,Gourde Sporty en inox Tortue 75cl,1,580,
109617,Gourde simple paroi inox Ocean 50cl,1,580,
120324,Pot Terre cuite Basalte 13cm Basilic grand vert bio,1,582,
108315,Graines de courgette Black beauty bio,1,584,
108503,Kit de culture éducatif pour enfant Seed Box Kids 725g,1,592,
111587,Mix sport 150g,1,620,
110039,Trottinette pliable Sprite Noir Grip rayé dès 6 ans,1,631,
118376,"Bouchées au chanvre bio, tomates et herbes de Provence 50g",1,393,
10649,Chips maïs nature Tacos 125g,1,393,
10651,Chips maïs paprika Tacos 125g,1,393,
71149,Confiture cerise noire 125g,1,394,
120016,Arachides en coques 330g,1,395,
196120,Wouah gras 125g,1,398,
119932,Cornichons aigre-doux 670g,1,399,
76363,Farine de lupin toasté France 500g,1,411,
90913,Farine de manioc 500g,1,411,
90923,Farine de quinoa bio et équitable 500g,1,411,
9205,Farine de soja 500g,1,411,
87225,Préparation base brioche 1kg,1,414,
17657,Huile d'onagre vierge 10cl,1,426,
17601,Huile de sésame vierge équitable 50cl,1,430,
69338,Haricots beurre extra-fins cueillis et rangés à la main 330g,1,434,
122845,Haricots verts et haricots beurre origine France 720ml,1,434,
90943,Sengiri Daïkon navets séchés 50g,1,435,
73630,Fonio complet 500g,1,443,
29022,Galettes à l'Indienne lentilles corail et riz 2x100g,1,447,
112784,Boulgour à l'orientale 220g,1,448,
43233,Filets d'anchois à l'huile d'olive 95g,1,452,
118306,Macaroni blancs 500g,1,455,
87426,Rigatoni de maïs et riz 500g,1,456,
72849,Riz thaï 1/2 complet équitable 2kg,1,462,
190674,Coulis de tomates pauvre en sel 200g,1,469,
79011,Sauce tomate à la bolognaise végétale 190g,1,469,
96001,Bouillon de poule cube Bio - 60g,1,470,
77471,Thym feuille Bio 30g,1,473,
70377,Flocons de Pois Cassés BIO 350g,1,517,
71191,Flocons de sarrasin sans gluten 500g,1,517,
78729,Eveil du Bouddha Açaï Fraise Banane - 360g,1,523,
44727,Pignons de cèdre Bio 100g,1,527,
188805,Souchet entier épluché 300g,1,527,
77774,Mix de superfruits Bio 400g,1,528,
70545,Miel de bruyère 450g,1,530,
80619,Miel de tilleul bio France 500g,1,530,
110593,Miel de Romarin bio 500g,1,530,
180847,Pâte à tartiner noix de cajou 300g,1,543,
111565,Sirop de gingembre 237ml,1,544,
69285,Galettes de riz de Camargue aux céréales anciennes 130g,1,546,
86987,Biscottes sans sucres et sel ajoutés 300g,1,547,
112090,Vermicelles décoratifs multicolores Bio 60g,1,479,
110052,"Croquants au sésame, miel et pomme cannelle 110g",1,489,
26057,Boudoirs Blé BIO 200g,1,490,
86488,Palmier pur beurre 100g,1,490,
208002,5 mini brownies choco'pépites 160g,1,494,
115102,Boîte 6 mini-oeufs au praliné enrobés chocolat au lait 55g,1,499,
104713,Lot 5 tablettes chocolat au lait de Noël 5x30g,1,499,
87502,Pâte 100% cacao BIO - 100g,1,501,
108749,Chocolats Brut de Noir 100g,1,502,
119060,Gourde Fruit Pomme Banane 100g,1,503,
46163,Dessert de riz vanille 4x110g,1,504,
17746,Dessert aux Amandes Bio 2 x 125 g,1,504,
110476,Cire d'abeille blanche 50g,1,54,
7364,Brosse à Manche crin de cheval 43 cm,1,59,
86257,Gant en fibre de Coton Bio 100% naturel,1,59,
8740,Gel douche ondée vivifiante bio 500ml,1,62,
68600,Base lavante neutre 1L,1,62,
109930,Gel douche sans parfum 500ml,1,62,
187326,Gel douche régénérant à l'aloe vera 500ml,1,62,
120897,Gel douche solide douceur 85g,1,63,
122076,Savon géranium rosa 100g,1,63,
79737,Savon liquide Eucalyptus 60ml,1,64,
17680,Serviette Hygiénique Nuit Lavable Roses Coton Bio,1,79,
120998,"Serviettes hypoallergéniques maxi super x14, sans ailettes",1,79,
7264,Serviettes ultra normal avec ailettes x14,1,79,
111716,Brosse à dents adultes souple manche plat bambou Blanc,1,80,
3228,Gel Gingival à la Sauge 30ml,1,80,
128399,Eau nettoyante 3 en 1 - 500ml,1,82,
79710,Gel moussant corps et cheveux bébé 50cl,1,82,
92353,Kit Eco net coton bio,1,83,
68963,42 Lingettes de toilettes éco - Sans parfum,1,83,
92344,5 Essuie-tout lavables en viscose de bambou couleur,1,83,
118351,Shampoing solide enfants lavande 85g,1,84,
122510,Huile de massage Vergetures 100ml,1,85,
30748,Recharge Fond de teint compact 732 Petale de rose,1,87,
18458,Gloss 816 Ouzvar cerise,1,88,
18594,Vernis 10 Chocolat mat,1,89,
118790,Vernis à ongles 656 - 5ml,1,89,
119522,Crayon sourcils n°120- Brun,1,90,
90159,Crayon yeux noir n°1,1,90,
121887,Soin colorant permanent naturel 5M Chatain clair acajou 150ml,1,106,
128422,Coloration végétale Cuivré 100g,1,106,
102680,Coloration Nutricolor Rapid 9.3 Blond très clair doré 135ml,1,106,
1296,Shampooing cheveux gras 500ml,1,109,
27753,Huile de beauté Carotte BIO 50mL,1,117,
199498,Lait corps Express Basis sensitiv 250ml,1,118,
79939,Lait corps hydratant pour toute la famille 400ml,1,118,
92691,Gel hydratant Aloe vera - 100 mL,1,118,
200520,Pochon Ô Douce Nuit,1,123,
9699,Lotion purifiante peaux jeunes 200ml,1,124,
120924,Lait démaquillant détox 200ml,1,124,
105609,Sérum anti-âge haute correction 30ml,1,126,
105505,Masque aux acides de fruits exfoliation parfaite 50ml,1,128,
92201,Soin défatigant Nuit Parfaite - 40 mL,1,128,
4160,Cold Cream Visage 30mL,1,129,
76665,Soin contour des yeux 40ml,1,131,
10057,Argile verte granulée 3kg,1,133,
45476,Argile verte concassée 3kg,1,133,
111154,Gourde brassée au lait de brebis et poire 4 x 85g - Dès 6 mois,1,11,
118283,Biscuits Banane - dès 7 mois - 100g,1,16,
117652,Lait 1 COMBIOTIC® Formule Epaissie boîte 800g,1,19,
8060,Optima 2 lait de suite Bio de 6 a 12 mois 900g,1,20,
11068,Assiette légumes du potager dinde romarin dès 12 mois 230g,1,22,
79430,Assiette Petits pois Panais Veau Macaroni dès 12m,1,22,
79425,Pomme de terre Tomate Champignon Veau 2 x 200g,1,26,
44828,"Assiette Panais, Carottes et Polenta dès 12 mois 230g",1,30,
4270,Petits pots petites pâtes légumes +12M Mon Diner Bonne Nuit,1,34,
44320,Préparation Riz de suite 2ème âge 800g - Dès 6 mois,1,50,
72079,Eau Florale De Cassis 200 Ml,1,866,
72087,Eau Florale De Menthe Poivree 200 Ml,1,866,
120697,Huile essentielle de ravintsara bio 30ml,1,867,
108559,Huile essentielle Ravintsara 10ml,1,867,
81247,Huile essentielle Cèdre de l'Atlas 10ml,1,868,
3622,Huile végétale d'argan BIO 50ml,1,871,
100903,Huile de Massage Minceur Bouleau - 100 ml,1,871,
47775,Silicium Articulasil MSN Glucosamine Chondroïtine Cuivre 1L,1,874,
110351,Cure complexe mémoire 20 ampoules,1,881,
13529,Huile de Foie de Morue 100ml,1,882,
106740,Rhodiola 30 gélules,1,885,
118404,Levure de bière bio 100 capsules,1,900,
100031,Separation Complexe Granules Sans Alcool,1,905,
100057,Dependances Complexe Granules Sans Alcool,1,905,
82822,Sirop Nez et Gorge goût miel citron 125ml,1,943,
116903,Extrait de pamplemousse Bio 100ml,1,976,
112428,Roll'on booster (Vitalité) 5ml,1,977,
118388,Protocole vitalité bio 30x15ml,1,977,
120320,Herbe d'orge bio en poudre 200g,1,978,
94043,Spiruline bio en poudre 150g,1,980,
100618,6 Magnésium Forté - 30 comprimés,1,984,
81875,Source De Vie Enfant Cerise - 60 animaux,1,985,
15229,Moka pur arabica Ethiopie Dosettes souples x36,1,163,6
87440,Purée de tomate Passata 680gr,1,469,266
113565,Terrine aux olives et herbes de Provence 135g,1,453,270
80546,Miel toutes fleurs crémeux bio 500g,1,530,270
103459,Magnésium Marin + B6 et Rhodiola 90 gélules,1,984,332
9128,Crusty classic 200g,1,393,89
1706,6 cônes pour colorier,1,296,357
112630,Licornes dans les nuages - Bienvenue a Rosalie ! - Des 4 ans,1,276,358
103782,Jus d'Herbe de Blé en poudre x 200g,1,978,372
29444,Crème antirides à l'huile d'Argan 50 ml,1,126,126
44760,Savon détachant au fiel 100g,1,747,150
95350,Gourde filtrante en verre Eau Good Vert 65cl,1,576,408
13894,Lait solaire très haute protection 50+ SPF 50ml,1,101,412
110939,Ma coupe mensuelle française Taille S,1,72,159
10520,Beurre de Karité Miel 100g,1,113,159
29450,Gommage corps à l'huile d'argan 100ml,1,116,164
109531,Brosse à dents adulte souple bambou Noir,1,80,427
68288,ABC & chiffres magnétiques - Dès 3 ans,1,283,431
85058,Coffret Kit decouverte Droguerie ecologique,1,782,432
119565,Gloss n°811- Glam'kiss,1,88,443
44488,Poêle sauteuse en fonte Exclusive 28cm,1,702,449
108389,Pieds table de culture Vergea,1,559,449
110958,Brosse à barbe,1,96,451
16367,Jeu de Tap Tap : Fantaisie - Dès 3 ans,1,274,206
84447,Camion Transporteur 4 Voitures Story,1,273,220
92931,Boisson Riz millet macadamia 1L,1,150,482
45834,Riz thaï demi-complet équitable étuvé 500g,1,463,482
80111,Tablette de chocolat Noir dégustation 100% cacao 80g,1,500,482
70587,Barre pommes fruits rouges et cereales - 25g,1,35,482
71252,Huile essentielle d'Eucalyptus citronné 10ml,1,867,482
8912,Chaussons cuir Starchild Owl,1,801,483
20056,Nettoyant multi-usages 1L,1,743,483
42809,Savon noir liquide 5L,1,746,483
127242,Café grain Guatemala pur arabica 500g,1,159,483
6026,Sirop de Grenadine Bio 50 cl,1,190,483
77778,Tisane dépurative pour le foie 6 plantes 150g,1,207,483
48712,La Perosansel Chili 400g,1,395,483
87042,Algues laitue de mer paillettes 100g,1,435,483
90869,Lentillons de la Champagne bio - 3Kg,1,440,483
5550,Couscous au chanvre France 500g,1,443,483
91042,Muesli Super Fruit Graines de Chia bio - 375g,1,521,483
109240,Porridge aux Superfruits sans Gluten 450gr,1,524,483
67264,Galettes riz de Camargue nature 100% France 130g,1,546,483
77673,Fleur de Bach n°19 Larch - Flacon compte-goutte 20mL,1,907,483
111092,Tamis en inox mailles interchangeables,1,850,484
90839,Flageolets Verts Bio France - 500g,1,440,484
5649,Spaghetti complet 500g,1,457,484
93814,Déodorant Pamplemousse - stick 60g,1,74,484
110934,Dentifrice blancheur 100ml,1,80,484
112831,Brosse à cheveux démêlage & volume grand modèle,1,105,484
102280,Ampoules Détox Bio 20x10 ml,1,938,484
27862,Détente Sommeil Bio 60 comprimés,1,885,253
108840,9 vitamines enfants x 60 gommes,1,985,254